[{"model": "rooster.dienst", "pk": 158, "fields": {"beschrijving": "Zondag ochtend", "chauffeur": 10, "date": "2017-01-01", "begintijd": "09:30:00", "eindtijd": "01:25:00"}}, {"model": "rooster.dienst", "pk": 159, "fields": {"beschrijving": "Zondag avond", "chauffeur": 10, "date": "2017-01-01", "begintijd": "16:00:00", "eindtijd": "23:00:00"}}, {"model": "rooster.dienst", "pk": 170, "fields": {"beschrijving": "Zaterdag ochtend", "chauffeur": 10, "date": "2017-01-07", "begintijd": "08:00:00", "eindtijd": "15:00:00"}}, {"model": "rooster.dienst", "pk": 171, "fields": {"beschrijving": "Zaterdag avond", "chauffeur": 10, "date": "2017-01-07", "begintijd": "15:00:00", "eindtijd": "22:00:00"}}, {"model": "rooster.dienst", "pk": 172, "fields": {"beschrijving": "Zaterdag nacht", "chauffeur": 10, "date": "2017-01-07", "begintijd": "22:00:00", "eindtijd": "08:00:00"}}, {"model": "rooster.dienst", "pk": 173, "fields": {"beschrijving": "Zondag ochtend", "chauffeur": 10, "date": "2017-01-08", "begintijd": "08:00:00", "eindtijd": "16:00:00"}}, {"model": "rooster.dienst", "pk": 174, "fields": {"beschrijving": "Zondag avond", "chauffeur": 10, "date": "2017-01-08", "begintijd": "16:00:00", "eindtijd": "23:00:00"}}, {"model": "rooster.dienst", "pk": 185, "fields": {"beschrijving": "Zaterdag ochtend", "chauffeur": 10, "date": "2017-01-14", "begintijd": "08:00:00", "eindtijd": "15:00:00"}}, {"model": "rooster.dienst", "pk": 186, "fields": {"beschrijving": "Zaterdag avond", "chauffeur": 10, "date": "2017-01-14", "begintijd": "15:00:00", "eindtijd": "22:00:00"}}, {"model": "rooster.dienst", "pk": 187, "fields": {"beschrijving": "Zaterdag nacht", "chauffeur": 10, "date": "2017-01-14", "begintijd": "22:00:00", "eindtijd": "08:00:00"}}, {"model": "rooster.dienst", "pk": 188, "fields": {"beschrijving": "Zondag ochtend", "chauffeur": 10, "date": "2017-01-15", "begintijd": "08:00:00", "eindtijd": "16:00:00"}}, {"model": "rooster.dienst", "pk": 189, "fields": {"beschrijving": "Zondag avond", "chauffeur": 10, "date": "2017-01-15", "begintijd": "16:00:00", "eindtijd": "23:00:00"}}, {"model": "rooster.dienst", "pk": 200, "fields": {"beschrijving": "Zaterdag ochtend", "chauffeur": 10, "date": "2017-01-21", "begintijd": "08:00:00", "eindtijd": "15:00:00"}}, {"model": "rooster.dienst", "pk": 201, "fields": {"beschrijving": "Zaterdag avond", "chauffeur": 10, "date": "2017-01-21", "begintijd": "15:00:00", "eindtijd": "22:00:00"}}, {"model": "rooster.dienst", "pk": 202, "fields": {"beschrijving": "Zaterdag nacht", "chauffeur": 10, "date": "2017-01-21", "begintijd": "22:00:00", "eindtijd": "08:00:00"}}, {"model": "rooster.dienst", "pk": 203, "fields": {"beschrijving": "Zondag ochtend", "chauffeur": 10, "date": "2017-01-22", "begintijd": "08:00:00", "eindtijd": "16:00:00"}}, {"model": "rooster.dienst", "pk": 204, "fields": {"beschrijving": "Zondag avond", "chauffeur": 10, "date": "2017-01-22", "begintijd": "16:00:00", "eindtijd": "23:00:00"}}, {"model": "rooster.dienst", "pk": 215, "fields": {"beschrijving": "Zaterdag ochtend", "chauffeur": 12, "date": "2017-01-28", "begintijd": "08:00:00", "eindtijd": "15:00:00"}}, {"model": "rooster.dienst", "pk": 216, "fields": {"beschrijving": "Zaterdag avond", "chauffeur": 10, "date": "2017-01-28", "begintijd": "15:00:00", "eindtijd": "22:00:00"}}, {"model": "rooster.dienst", "pk": 217, "fields": {"beschrijving": "Zaterdag nacht", "chauffeur": 10, "date": "2017-01-28", "begintijd": "22:00:00", "eindtijd": "08:00:00"}}, {"model": "rooster.dienst", "pk": 218, "fields": {"beschrijving": "Zondag ochtend", "chauffeur": 10, "date": "2017-01-29", "begintijd": "08:00:00", "eindtijd": "16:00:00"}}, {"model": "rooster.dienst", "pk": 219, "fields": {"beschrijving": "Zondag avond", "chauffeur": 10, "date": "2017-01-29", "begintijd": "16:00:00", "eindtijd": "23:00:00"}}, {"model": "rooster.dienst", "pk": 222, "fields": {"beschrijving": "Woensdag avond", "chauffeur": 12, "date": "2017-02-01", "begintijd": "17:01:00", "eindtijd": "23:00:00"}}, {"model": "rooster.dienst", "pk": 223, "fields": {"beschrijving": "Woensdag nacht", "chauffeur": 10, "date": "2017-02-01", "begintijd": "05:25:00", "eindtijd": "08:00:00"}}, {"model": "rooster.dienst", "pk": 224, "fields": {"beschrijving": "Donderdag avond", "chauffeur": 12, "date": "2017-02-02", "begintijd": "17:00:00", "eindtijd": "22:50:00"}}, {"model": "rooster.dienst", "pk": 225, "fields": {"beschrijving": "Donderdag nacht", "chauffeur": 12, "date": "2017-02-02", "begintijd": "23:00:00", "eindtijd": "08:00:00"}}, {"model": "rooster.dienst", "pk": 226, "fields": {"beschrijving": "Vrijdag avond", "chauffeur": 10, "date": "2017-02-03", "begintijd": "17:00:00", "eindtijd": "23:00:00"}}, {"model": "rooster.dienst", "pk": 227, "fields": {"beschrijving": "Vrijdag nacht", "chauffeur": 10, "date": "2017-02-03", "begintijd": "05:25:57", "eindtijd": "05:25:00"}}, {"model": "rooster.dienst", "pk": 228, "fields": {"beschrijving": "Zaterdag ochtend", "chauffeur": 12, "date": "2017-02-04", "begintijd": "08:00:00", "eindtijd": "15:00:00"}}, {"model": "rooster.dienst", "pk": 229, "fields": {"beschrijving": "Zaterdag avond", "chauffeur": 10, "date": "2017-02-04", "begintijd": "15:00:00", "eindtijd": "22:00:00"}}, {"model": "rooster.dienst", "pk": 230, "fields": {"beschrijving": "Zaterdag nacht", "chauffeur": 10, "date": "2017-02-04", "begintijd": "22:00:00", "eindtijd": "08:00:00"}}, {"model": "rooster.dienst", "pk": 231, "fields": {"beschrijving": "Zondag ochtend", "chauffeur": 12, "date": "2017-02-05", "begintijd": "08:00:00", "eindtijd": "16:00:00"}}, {"model": "rooster.dienst", "pk": 232, "fields": {"beschrijving": "Zondag avond", "chauffeur": 12, "date": "2017-02-05", "begintijd": "16:00:00", "eindtijd": "23:00:00"}}, {"model": "rooster.dienst", "pk": 233, "fields": {"beschrijving": "Maandag avond", "chauffeur": 10, "date": "2017-02-06", "begintijd": "17:00:00", "eindtijd": "23:00:00"}}, {"model": "rooster.dienst", "pk": 234, "fields": {"beschrijving": "Maandag nacht", "chauffeur": 10, "date": "2017-02-06", "begintijd": "23:00:00", "eindtijd": "08:00:00"}}, {"model": "rooster.dienst", "pk": 235, "fields": {"beschrijving": "Dinsdag avond", "chauffeur": 10, "date": "2017-02-07", "begintijd": "17:00:00", "eindtijd": "23:00:00"}}, {"model": "rooster.dienst", "pk": 236, "fields": {"beschrijving": "Dinsdag nacht", "chauffeur": 10, "date": "2017-02-07", "begintijd": "23:00:00", "eindtijd": "08:00:00"}}, {"model": "rooster.dienst", "pk": 237, "fields": {"beschrijving": "Woensdag avond", "chauffeur": 10, "date": "2017-02-08", "begintijd": "17:00:00", "eindtijd": "23:00:00"}}, {"model": "rooster.dienst", "pk": 238, "fields": {"beschrijving": "Woensdag nacht", "chauffeur": 10, "date": "2017-02-08", "begintijd": "23:00:00", "eindtijd": "08:00:00"}}, {"model": "rooster.dienst", "pk": 239, "fields": {"beschrijving": "Donderdag avond", "chauffeur": 10, "date": "2017-02-09", "begintijd": "17:00:00", "eindtijd": "23:00:00"}}, {"model": "rooster.dienst", "pk": 240, "fields": {"beschrijving": "Donderdag nacht", "chauffeur": 10, "date": "2017-02-09", "begintijd": "23:00:00", "eindtijd": "08:00:00"}}, {"model": "rooster.dienst", "pk": 241, "fields": {"beschrijving": "Vrijdag avond", "chauffeur": 10, "date": "2017-02-10", "begintijd": "17:00:00", "eindtijd": "23:00:00"}}, {"model": "rooster.dienst", "pk": 242, "fields": {"beschrijving": "Vrijdag nacht", "chauffeur": 10, "date": "2017-02-10", "begintijd": "23:00:00", "eindtijd": "08:00:00"}}, {"model": "rooster.dienst", "pk": 243, "fields": {"beschrijving": "Zaterdag ochtend", "chauffeur": 10, "date": "2017-02-11", "begintijd": "08:00:00", "eindtijd": "15:00:00"}}, {"model": "rooster.dienst", "pk": 244, "fields": {"beschrijving": "Zaterdag avond", "chauffeur": 10, "date": "2017-02-11", "begintijd": "15:00:00", "eindtijd": "22:00:00"}}, {"model": "rooster.dienst", "pk": 245, "fields": {"beschrijving": "Zaterdag nacht", "chauffeur": 10, "date": "2017-02-11", "begintijd": "22:00:00", "eindtijd": "08:00:00"}}, {"model": "rooster.dienst", "pk": 246, "fields": {"beschrijving": "Zondag ochtend", "chauffeur": 10, "date": "2017-02-12", "begintijd": "08:00:00", "eindtijd": "16:00:00"}}, {"model": "rooster.dienst", "pk": 247, "fields": {"beschrijving": "Zondag avond", "chauffeur": 10, "date": "2017-02-12", "begintijd": "16:00:00", "eindtijd": "23:00:00"}}, {"model": "rooster.dienst", "pk": 248, "fields": {"beschrijving": "Maandag avond", "chauffeur": 10, "date": "2017-02-13", "begintijd": "17:00:00", "eindtijd": "23:00:00"}}, {"model": "rooster.dienst", "pk": 249, "fields": {"beschrijving": "Maandag nacht", "chauffeur": 10, "date": "2017-02-13", "begintijd": "23:00:00", "eindtijd": "08:00:00"}}, {"model": "rooster.dienst", "pk": 250, "fields": {"beschrijving": "Dinsdag avond", "chauffeur": 10, "date": "2017-02-14", "begintijd": "17:00:00", "eindtijd": "23:00:00"}}, {"model": "rooster.dienst", "pk": 251, "fields": {"beschrijving": "Dinsdag nacht", "chauffeur": 10, "date": "2017-02-14", "begintijd": "23:00:00", "eindtijd": "08:00:00"}}, {"model": "rooster.dienst", "pk": 252, "fields": {"beschrijving": "Woensdag avond", "chauffeur": 10, "date": "2017-02-15", "begintijd": "17:00:00", "eindtijd": "23:00:00"}}, {"model": "rooster.dienst", "pk": 253, "fields": {"beschrijving": "Woensdag nacht", "chauffeur": 10, "date": "2017-02-15", "begintijd": "23:00:00", "eindtijd": "08:00:00"}}, {"model": "rooster.dienst", "pk": 254, "fields": {"beschrijving": "Donderdag avond", "chauffeur": 10, "date": "2017-02-16", "begintijd": "17:00:00", "eindtijd": "23:00:00"}}, {"model": "rooster.dienst", "pk": 255, "fields": {"beschrijving": "Donderdag nacht", "chauffeur": 10, "date": "2017-02-16", "begintijd": "23:00:00", "eindtijd": "08:00:00"}}, {"model": "rooster.dienst", "pk": 256, "fields": {"beschrijving": "Vrijdag avond", "chauffeur": 10, "date": "2017-02-17", "begintijd": "17:00:00", "eindtijd": "23:00:00"}}, {"model": "rooster.dienst", "pk": 257, "fields": {"beschrijving": "Vrijdag nacht", "chauffeur": 10, "date": "2017-02-17", "begintijd": "23:00:00", "eindtijd": "08:00:00"}}, {"model": "rooster.dienst", "pk": 258, "fields": {"beschrijving": "Zaterdag ochtend", "chauffeur": 10, "date": "2017-02-18", "begintijd": "08:00:00", "eindtijd": "15:00:00"}}, {"model": "rooster.dienst", "pk": 259, "fields": {"beschrijving": "Zaterdag avond", "chauffeur": 10, "date": "2017-02-18", "begintijd": "15:00:00", "eindtijd": "22:00:00"}}, {"model": "rooster.dienst", "pk": 260, "fields": {"beschrijving": "Zaterdag nacht", "chauffeur": 10, "date": "2017-02-18", "begintijd": "22:00:00", "eindtijd": "08:00:00"}}, {"model": "rooster.dienst", "pk": 261, "fields": {"beschrijving": "Zondag ochtend", "chauffeur": 10, "date": "2017-02-19", "begintijd": "08:00:00", "eindtijd": "16:00:00"}}, {"model": "rooster.dienst", "pk": 262, "fields": {"beschrijving": "Zondag avond", "chauffeur": 10, "date": "2017-02-19", "begintijd": "16:00:00", "eindtijd": "23:00:00"}}, {"model": "rooster.dienst", "pk": 263, "fields": {"beschrijving": "Maandag avond", "chauffeur": 10, "date": "2017-02-20", "begintijd": "17:00:00", "eindtijd": "23:00:00"}}, {"model": "rooster.dienst", "pk": 264, "fields": {"beschrijving": "Maandag nacht", "chauffeur": 10, "date": "2017-02-20", "begintijd": "23:00:00", "eindtijd": "08:00:00"}}, {"model": "rooster.dienst", "pk": 265, "fields": {"beschrijving": "Dinsdag avond", "chauffeur": 10, "date": "2017-02-21", "begintijd": "17:00:00", "eindtijd": "23:00:00"}}, {"model": "rooster.dienst", "pk": 266, "fields": {"beschrijving": "Dinsdag nacht", "chauffeur": 10, "date": "2017-02-21", "begintijd": "23:00:00", "eindtijd": "08:00:00"}}, {"model": "rooster.dienst", "pk": 267, "fields": {"beschrijving": "Woensdag avond", "chauffeur": 10, "date": "2017-02-22", "begintijd": "17:00:00", "eindtijd": "23:00:00"}}, {"model": "rooster.dienst", "pk": 268, "fields": {"beschrijving": "Woensdag nacht", "chauffeur": 10, "date": "2017-02-22", "begintijd": "23:00:00", "eindtijd": "08:00:00"}}, {"model": "rooster.dienst", "pk": 269, "fields": {"beschrijving": "Donderdag avond", "chauffeur": 10, "date": "2017-02-23", "begintijd": "17:00:00", "eindtijd": "23:00:00"}}, {"model": "rooster.dienst", "pk": 270, "fields": {"beschrijving": "Donderdag nacht", "chauffeur": 10, "date": "2017-02-23", "begintijd": "23:00:00", "eindtijd": "08:00:00"}}, {"model": "rooster.dienst", "pk": 271, "fields": {"beschrijving": "Vrijdag avond", "chauffeur": 10, "date": "2017-02-24", "begintijd": "17:00:00", "eindtijd": "23:00:00"}}, {"model": "rooster.dienst", "pk": 272, "fields": {"beschrijving": "Vrijdag nacht", "chauffeur": 10, "date": "2017-02-24", "begintijd": "23:00:00", "eindtijd": "08:00:00"}}, {"model": "rooster.dienst", "pk": 273, "fields": {"beschrijving": "Zaterdag ochtend", "chauffeur": 10, "date": "2017-02-25", "begintijd": "08:00:00", "eindtijd": "15:00:00"}}, {"model": "rooster.dienst", "pk": 274, "fields": {"beschrijving": "Zaterdag avond", "chauffeur": 12, "date": "2017-02-25", "begintijd": "15:00:00", "eindtijd": "22:00:00"}}, {"model": "rooster.dienst", "pk": 275, "fields": {"beschrijving": "Zaterdag nacht", "chauffeur": 10, "date": "2017-02-25", "begintijd": "22:00:00", "eindtijd": "08:00:00"}}, {"model": "rooster.dienst", "pk": 276, "fields": {"beschrijving": "Zondag ochtend", "chauffeur": 10, "date": "2017-02-26", "begintijd": "08:00:00", "eindtijd": "16:00:00"}}, {"model": "rooster.dienst", "pk": 277, "fields": {"beschrijving": "Zondag avond", "chauffeur": 12, "date": "2017-02-26", "begintijd": "16:00:00", "eindtijd": "23:00:00"}}, {"model": "rooster.dienst", "pk": 278, "fields": {"beschrijving": "Maandag avond", "chauffeur": 10, "date": "2017-02-27", "begintijd": "17:00:00", "eindtijd": "23:00:00"}}, {"model": "rooster.dienst", "pk": 279, "fields": {"beschrijving": "Maandag nacht", "chauffeur": 10, "date": "2017-02-27", "begintijd": "23:00:00", "eindtijd": "08:00:00"}}, {"model": "rooster.chauffeur", "pk": 10, "fields": {"naam": "Sander Adam", "user": 1}}, {"model": "rooster.chauffeur", "pk": 12, "fields": {"naam": "Mark Adam chauf", "user": 2}}, {"model": "rooster.stddienst", "pk": 4, "fields": {"beschrijving": "Maandag avond", "chauffeur": 10, "date": "2017-01-02", "begintijd": "17:00:00", "eindtijd": "23:00:00"}}, {"model": "rooster.stddienst", "pk": 5, "fields": {"beschrijving": "Maandag nacht", "chauffeur": 10, "date": "2017-01-02", "begintijd": "23:00:00", "eindtijd": "08:00:00"}}, {"model": "rooster.stddienst", "pk": 6, "fields": {"beschrijving": "Dinsdag avond", "chauffeur": 10, "date": "2017-01-03", "begintijd": "17:00:00", "eindtijd": "23:00:00"}}, {"model": "rooster.stddienst", "pk": 7, "fields": {"beschrijving": "Dinsdag nacht", "chauffeur": 10, "date": "2017-01-03", "begintijd": "23:00:00", "eindtijd": "08:00:00"}}, {"model": "rooster.stddienst", "pk": 8, "fields": {"beschrijving": "Woensdag avond", "chauffeur": 10, "date": "2017-01-04", "begintijd": "17:00:00", "eindtijd": "23:00:00"}}, {"model": "rooster.stddienst", "pk": 9, "fields": {"beschrijving": "Woensdag nacht", "chauffeur": 10, "date": "2017-01-04", "begintijd": "23:00:00", "eindtijd": "08:00:00"}}, {"model": "rooster.stddienst", "pk": 10, "fields": {"beschrijving": "Donderdag avond", "chauffeur": 10, "date": "2017-01-05", "begintijd": "17:00:00", "eindtijd": "23:00:00"}}, {"model": "rooster.stddienst", "pk": 11, "fields": {"beschrijving": "Donderdag nacht", "chauffeur": 10, "date": "2017-01-05", "begintijd": "23:00:00", "eindtijd": "08:00:00"}}, {"model": "rooster.stddienst", "pk": 12, "fields": {"beschrijving": "Vrijdag avond", "chauffeur": 10, "date": "2017-01-06", "begintijd": "17:00:00", "eindtijd": "23:00:00"}}, {"model": "rooster.stddienst", "pk": 13, "fields": {"beschrijving": "Vrijdag nacht", "chauffeur": 10, "date": "2017-01-06", "begintijd": "23:00:00", "eindtijd": "08:00:00"}}, {"model": "rooster.stddienst", "pk": 14, "fields": {"beschrijving": "Zaterdag ochtend", "chauffeur": 10, "date": "2017-02-11", "begintijd": "08:00:00", "eindtijd": "15:00:00"}}, {"model": "rooster.stddienst", "pk": 15, "fields": {"beschrijving": "Zaterdag avond", "chauffeur": 10, "date": "2017-02-11", "begintijd": "15:00:00", "eindtijd": "22:00:00"}}, {"model": "rooster.stddienst", "pk": 16, "fields": {"beschrijving": "Zaterdag nacht", "chauffeur": 10, "date": "2017-02-11", "begintijd": "22:00:00", "eindtijd": "08:00:00"}}, {"model": "rooster.stddienst", "pk": 17, "fields": {"beschrijving": "Zondag ochtend", "chauffeur": 10, "date": "2017-02-12", "begintijd": "08:00:00", "eindtijd": "16:00:00"}}, {"model": "rooster.stddienst", "pk": 18, "fields": {"beschrijving": "Zondag avond", "chauffeur": 10, "date": "2017-02-12", "begintijd": "16:00:00", "eindtijd": "23:00:00"}}]